Sample,Rawname,Mass (g),Condition,[6287] L-valine 2 [9.151] Results,[700] ethanolamine [9.879] Results,[1004] phosphoric acid [9.966] Results,[791] DL-isoleucine 2 [10.225] Results,[145742] L-proline 2 [10.321] Results,[750] glycine [10.456] Results,[5951] L-serine 2 [11.174] Results,[6288] L-threonine 2 [11.464] Results,"[649] 5,6-dihydrouracil 2 [12.773] Results",[33032] L-glutamic acid 3 (dehydrated) [13.232] Results,[119] gamma-aminobutyric acid (GABA) [13.326] Results,[236] L-asparagine 1 [14.496] Results,[33032] L-glutamic acid 2 [14.398] Results,[236] L-asparagine 2 [14.984] Results,[827] ribitol [15.66] Results,[444212] trans-aconitic acid [15.842] Results,[738] L-glutamine 3 [16.092] Results,[328] DL-4-hydroxymandelic acid [16.126] Results,[8742] shikimic acid [16.433] Results,[6508] quinic acid [17.076] Results,[5984] fructose 1 [17.18] Results,[204] allantoin 1 [17.293] Results,[5984] fructose 2 [17.288] Results,[24749] D-glucose 1 [17.426] Results,[24749] D-glucose 2 [17.625] Results,[6057] tyrosine 2 [17.871] Results,[6251] D-mannitol [17.81] Results,[985] palmitic acid [18.846] Results,[899] N-acetyl-D-mannosamine 2 [19.339] Results,[892] myo-inositol [19.354] Results,[5281] stearic acid [20.675] Results,[6305] L-tryptophan 2 [20.466] Results,[5988] Sucrose [23.988] Results,[11333] lactulose 3 [24.431] Results,[7427] D-(+) trehalose [24.752] Results,[439451] galactinol 2 [26.479] Results
BLK,240722_SP_001,,,0.096385542,0.144578313,0.174698795,0.120481928,0.159638554,0.248493976,0.194277108,0.182228916,0.156626506,0.19126506,0.103915663,0.144578313,0.171686747,0.173192771,1,0.159638554,0.177710843,0.164156627,0.222891566,0.106927711,0.442771084,0.281626506,0.753012048,0.56626506,0.299698795,0.331325301,0.165662651,0.320783133,0.100903614,0.112951807,0.359939759,0.09939759,2.661144578,0.265060241,0.375,0.182228916
A2R,240722_SP_005,0.0307,1753,13.46187183,2.874135546,12.9669894,4.2131858,15.19096358,3.279299216,6.486491471,1.751775012,0.306685108,21.65062241,2.786076533,3.399538958,1.393545413,12.2648225,1,2.712955279,0.489257722,1.039834025,0.838727524,1.564684186,62.51009682,0.821576763,49.77630244,55.08215768,9.048409405,0.096726602,9.08077455,0.148639926,0.841124942,3.500507146,0.022222222,0.109727985,63.5396035,50.6274781,19.1801752,0.82351314
D2R,240722_SP_006,0.0319,No Ino.,4.113631867,1.044186507,1.841983776,1.177273627,9.979159797,1.365297105,1.892171734,0.723999209,0.06463101,8.450834268,2.505440876,0.946250742,0.474444371,3.034228055,1,1.005473851,0.093978764,0.846534327,0.596583789,1.694519554,54.54685748,0.413572512,49.77755062,53.52727033,15.58352569,0.078876212,15.59579239,0.055463958,0.151750973,1.969794895,0.015959902,0.06370771,45.52344523,34.05744246,12.69095825,0.478203522
A4R,240722_SP_007,0.0299,1753,2.711805556,1.173544338,1.043603098,0.541599893,3.453659188,0.955996261,1.263621795,0.388488248,0.081063034,5.756877671,1.903311966,1.0703125,0.242454594,1.271233974,1,0.63414797,0.044738248,0.662459936,0.477630876,1.214476496,42.39496528,0.207198184,31.32465278,42.24358974,7.78772703,0.49485844,1.516159188,0.034321581,0.106103098,1.781583868,0.010817308,0.027644231,45.99459135,24.34688835,9.838541667,0.518229167
D1R,240722_SP_008,0.0291,No Ino.,6.652487383,1.439581831,1.612328767,2.386589762,8.010598414,1.597188176,1.926532084,0.785291997,0.068565249,14.9408796,2.696322999,1.073756309,0.257966835,1.632083634,1,0.7703677,0.085508291,0.790266763,0.589185292,1.38666186,47.10785869,0.352631579,36.21586157,40.28781543,6.67555876,0.40223504,6.679163663,0.080389329,0.651982696,2.955082913,0.009516943,0.156452776,49.68810382,31.57649603,0.971449171,0.27591925
C4R,240722_SP_009,0.031,1607,2.174163995,1.248648649,0.834264773,0.480897847,2.048190563,0.899038021,0.420155749,0.246266606,0.066697206,4.862024737,1.469903802,0.594594595,0.16811727,0.678882272,1,0.4817224,,0.287952359,0.342006413,0.971415483,39.08153917,0.150801649,25.28703619,33.05451214,4.823820431,0.315895557,4.830874943,0.035272561,0.511681173,2.019239579,0.020155749,0.016307833,63.14961063,23.6618415,0.973431058,0.496839212
B3R,240722_SP_010,0.0311,1615,3.935366611,1.121110027,2.80565653,0.770813015,5.269261459,1.566716908,1.236279812,0.455182197,0.04663534,11.77223158,2.235304548,0.738097349,0.285043,1.034843514,1,1.051068357,0.050447735,0.542157993,0.546325029,1.281673907,66.56751485,0.322723646,59.42583562,65.2284777,14.63640394,0.721163224,14.64021633,0.085291249,0.174217572,1.51290008,0.020125898,0.038389928,61.04814257,27.01001862,10.56840145,0.411295328
C2R,240722_SP_011,0.0322,1607,3.353850325,1.094540853,0.496836587,1.08016992,4.501536515,0.55522415,0.840563991,0.317154736,0.060014461,3.418835864,1.051518438,0.544739696,0.126265365,0.257592191,1,0.274855387,,0.332067968,0.41983008,0.898228489,21.75840564,0.079266088,14.65148228,17.36388286,2.809201012,0.221348518,2.807393348,0.030187997,0.510574837,2.390093999,0.028651482,0.019703543,61.64253435,13.97270427,1.077187274,0.274313087
D3R,240722_SP_012,0.0331,No Ino.,0.876556444,0.421043952,,0.338830708,0.442071411,0.252989198,0.027954152,0.050218521,0.012616476,0.233363569,0.255792859,0.034798384,0.004782716,0.008905748,1,0.06992661,0.010967263,0.108435722,0.149583574,0.458316154,16.46309887,0.039910943,10.87878288,14.3876474,2.353343778,0.188422528,0.752288282,,0.248536324,0.928836481,0.022924054,0.004700256,47.45097716,6.363981199,1.403397378,0.115609796
C3R,240722_SP_013,0.0343,1607,3.449120246,1.82704938,12.11992216,0.784561745,3.701370307,1.376307468,1.526798022,0.441822752,0.137922647,10.16889646,1.866131517,1.748804022,0.805643396,4.645503933,1,0.504905538,0.064866618,1.099894592,0.535392848,1.574069569,53.91194357,0.339576745,40.60950296,48.1555988,8.002756831,0.090002432,8.032271142,0.078650774,0.840590286,3.974296603,0.063974702,0.091056515,55.92345739,45.74815536,0.998783751,0.80426498
B2R,240722_SP_014,0.0333,1615,3.441234731,1.271541763,0.581379993,1.060663585,2.691564873,0.609194454,0.410201387,0.299686365,0.05727963,1.746616045,1.28879168,0.489270386,0.110927699,0.243727303,1,0.170105645,0.014608782,0.487041928,0.380571146,0.766259492,28.10688346,0.085671839,18.50008254,22.85374711,3.549438759,0.284004622,0.398563882,0.021541763,0.512710466,1.702954771,0.016424563,0.008583691,56.58740508,21.56726642,1.258996368,0.175387917
B4R,240722_SP_015,0.0314,1615,6.3616246,1.768841095,1.072076075,2.383665126,6.657305368,1.449608958,1.484358336,0.714806257,0.06674369,9.569943121,2.161571276,1.032971916,0.375755421,0.96231781,1,0.66628155,0.0535016,0.649217917,0.503554924,1.143885531,57.1595272,0.276484181,41.22955919,50.76821898,8.778528262,0.478226093,8.768574476,0.056701031,0.686277995,3.014752933,0.021418415,0.103981514,61.14832919,36.05981159,1.19765375,0.419658727
A3R,240722_SP_016,0.0309,1753,2.160791058,1.083471129,0.651431973,0.62133739,1.613334215,0.976122759,1.034393809,0.283285932,0.109597196,5.981810966,1.103776705,1.490971625,0.241087374,0.856471989,1,0.495733845,0.040148158,0.394139824,0.303194656,0.725709372,36.09180501,0.225081024,25.30451749,31.69740062,4.575434883,0.03578279,4.578345129,0.03307097,0.076923077,2.667901316,0.015874066,0.034195383,45.51260004,23.94278722,9.334744361,0.620543687
A1R,240722_SP_017,0.0282,1753,2.403184944,1.496344553,0.952081071,0.373434672,1.576619616,1.072023163,1.280709374,0.287947883,0.108432863,8.259934853,1.152225841,1.424828085,0.31451321,1.035830619,1,0.306985161,0.023959464,0.40839667,0.514802751,1.369887803,27.85392689,0.241331886,20.44458921,25.66413319,4.320376402,0.28193992,4.324502353,0.027795874,0.108070937,2.11806008,0.018675353,0.04096996,49.88968512,32.49554832,0.692870069,0.536880203
B1R,240722_SP_018,0.0276,1615,4.365210982,1.131011609,1.031754806,1.396535839,5.686260058,1.15871261,0.925495977,0.527486027,0.048768503,5.951231497,2.185000921,0.622811867,0.155211596,0.301947055,1,0.518395676,0.015846692,0.873594988,0.435108409,1.056753271,45.48756219,0.17161108,38.61507278,43.66826362,8.594005282,0.567164179,8.593575333,0.062833978,0.549904797,2.396965788,0.012714207,0.012099994,42.26675266,20.52122106,8.382224679,0.322031816
C5R,240722_SP_019,0.0323,1607,6.186168002,1.780290888,1.853131493,1.7693084,9.432888097,1.252419115,2.229623034,0.609498367,0.0846542,21.28536658,2.291243692,1.238646483,0.587058474,2.607598694,1,0.849925794,0.222083704,1.036865539,0.557435441,1.431760166,43.68560404,0.346927872,37.76616207,40.76550905,7.543425349,0.102641733,0.39430098,0.086316414,0.10222618,4.297951915,,0.126447017,40.89189671,22.2306916,8.823686554,0.365746512
D4R,240722_SP_020,0.0302,No Ino.,6.372758012,1.471773008,1.76764187,1.904145839,13.60327845,2.277050867,2.099088503,0.738238753,0.051822993,11.88312261,2.472508086,1.090414584,0.519553073,2.379741253,1,0.533740076,0.065789474,0.730593943,0.7216995,2.346442223,56.63547486,0.393707733,51.707586,53.99926492,12.43994413,0.047780065,12.44207586,0.087621288,0.160320494,4.678550426,0.021170244,0.099235519,50.56167304,43.34026757,0.869376654,0.484269333
C1R,240722_SP_021,0.0323,1607,4.506263671,0.981639822,1.516073441,1.072313913,10.02995957,1.409359051,1.622588984,0.495923643,0.052164115,18.45462981,2.275004971,1.054815404,0.480745012,1.316033671,1,0.518393319,0.083051634,0.646583151,0.719493604,1.910386425,54.57884271,0.341883741,49.66335256,50.6587128,14.76330616,0.725724133,14.76317359,0.056008484,0.219327898,2.368462915,0.015311195,0.047391794,45.65897793,36.30874263,0.980910718,0.432160138