Sample,,,,,,,[8871] 2-hydroxypyridine [6.519] Results,[107689] L-(+) lactic acid [6.851] Results,[757] glycolic acid [7.049] Results,[5950] L-alanine 1 [7.4748] Results,[C8] Methyl Caprylate [7.812] Results,[971] oxalic acid [7.883] Results,[6287] L-valine 2 [9.151] Results,[C9] Methyl Pelargonate [9.248] Results,[5951] L-serine 1 [9.706] Results,[6106] L-leucine 2 [9.945] Results,[1004] phosphoric acid [9.966] Results,[791] DL-isoleucine 2 [10.225] Results,[145742] L-proline 2 [10.321] Results,[750] glycine [10.456] Results,[1110] succinic acid [10.509] Results,[C10] Methyl Caprate [10.647] Results,[439194] glyceric acid [10.735] Results,[760] glyoxylic acid [10.813] Results,[638129] citraconic acid [10.792] Results,[444972] fumaric acid [10.94] Results,[5951] L-serine 2 [11.174] Results,[5950] L-alanine 2 [11.182] Results,[439742] beta-cyano-L-alanine [11.288] Results,[6288] L-threonine 2 [11.464] Results,[239] Beta- alanine  1 [12.044] Results,[12647] L-homoserine 2 [12.359] Results,[92824] D-malic acid [12.794] Results,[C12] Methyl Laurate [13.250] Results,[5960] aspartic acid 2 [13.207] Results,[7405] L-pyroglutamic acid [13.218] Results,[119] gamma-aminobutyric acid (GABA) [13.326] Results,[5460407] threonic acid [13.652] Results,[51] alpha ketoglutaric acid [13.859] Results,[236] L-asparagine 1 [14.496] Results,[33032] L-glutamic acid 2 [14.398] Results,[236] L-asparagine 1 [14.496] Results,"[428] 1,3-diaminopropane 1 [14.708] Results",[236] L-asparagine 2 [14.984] Results,[C14] Methyl Myristate [15.597] Results,[827] ribitol [15.66] Results,[754] glycerol 1-phosphate [16.056] Results,[738] L-glutamine 3 [16.092] Results,[8742] shikimic acid [16.433] Results,[311] citric acid [16.615] Results,[94214] methyl-beta-D-galactopyranoside   [16.935] Results,[190] adenine 1 [17.066] Results,[6508] quinic acid [17.076] Results,[5984] fructose 2 [17.288] Results,[448388] D-allose 1 [17.278] Results,[C16] Methyl Palmitate [17.723] Results,[24749] D-glucose 1 [17.426] Results,[5962] L-lysine 2 [17.643] Results,[448388] D-allose 2 [17.521] Results,[6057] tyrosine 2 [17.871] Results,[6251] D-mannitol [17.81] Results,[128869] galactonic acid 2 [18.504] Results,[985] palmitic acid [18.846] Results,[204] allantoin 3 [19.167] Results,[445858] ferulic acid [19.312] Results,[101713] glucoheptonic acid 2 [19.615] Results,[892] myo-inositol [19.354] Results,[5281] stearic acid [20.675] Results,[C20] Methyl Eicosanoate [21.441] Results,[439958] D-glucose-6-phosphate 2 [21.558] Results,[5202] serotonin 1 [22.532] Results,[5202] serotonin 2 [22.767] Results,[C22] Methyl Docosanoate [23.082] Results,[60961] adenosine [23.825] Results,[5988] Sucrose [23.988] Results,[C24] Methyl Linocerate [24.603] Results,[6255] maltose 1 [24.702] Results,[16219560] lactobionic acid 1 [24.583] Results,[441422] beta-gentiobiose 2 [25.42] Results,[C26] Methyl Hexacosanoate [26.023] Results,[439451] galactinol 2 [26.479] Results,[C28] Methyl Octacosanoate [27.349] Results,[C30] Methyl Triacontanoate [28.723] Results
,,Name,Data File,Type,Level,Acq. Date-Time,Height,Height,Height,Height,Height,Height,Height,Height,Height,Height,Height,Height,Height,Height,Height,Height,Height,Height,Height,Height,Height,Height,Height,Height,Height,Height,Height,Height,Height,Height,Height,Height,Height,Height,Height,Height,Height,Height,Height,Height,Height,Height,Height,Height,Height,Height,Height,Height,Height,Height,Height,Height,Height,Height,Height,Height,Height,Height,Height,Height,Height,Height,Height,Height,Height,Height,Height,Height,Height,Height,Height,Height,Height,Height,Height,Height,Height
,!,Ref,251118_001.D,Sample,,11/18/2025 4:30 PM,2704,2559,799,66097,2657,259582,5919,14972,2006,7611,1029858,4418,7849,42868,4333,19016,7777,793,860,2073,57128,21346,3093,11280,1692,2320,82803,23860,130769,140668,3683,6476,2088,3169,167776,2175,3507,216828,22909,25800,10890,3674,4890,115519,4537,2074,19363,17934,9161,31544,39575,3330,7116,5714,16327,3634,25657,1210,3924,6688,53345,19704,14804,2770,1564,1449,14236,6828,1791891,12982,22735,5770,5036,10337,6838,7529,3391
,!,Ref20,251118_002.D,Sample,,11/18/2025 4:59 PM,87,,47,81,,1355,45,,369,57,60037,147,73,1218,403,1652,469,118,,73,111,907,,51,23,,4065,1759,159,2434,682,457,139,104,2575,127,257,2211,1650,1476,230,80,193,3538,366,130,864,760,744,1803,1888,128,482,116,951,295,810,45,83,521,2805,635,764,540,84,137,560,279,88043,542,715,275,308,364,590,484,282
!,!,Blank,251118_003.D,Sample,,11/18/2025 5:29 PM,245,627,82,149,6650,5215,523,9622,84,108,4401,877,87,1480,166,19717,164,540,253,358,370,54,192,59,93,94,130,25033,289,900,58,112,121,66,226,38,179,188,32936,239,627,98,106,315,226,497,141,230,358,45152,21227,283,3874,428,3882,82,23209,44,39,8394,167,16288,25523,3079,555,39,21998,44,17196,16753,626,317,240,14146,389,14450,5894
,!,S4A35,251118_004.D,Sample,,11/18/2025 5:58 PM,,,74,36365,11477,256658,2863,12331,3107,2018,1188685,1017,2222,29246,3709,21316,6400,1154,399,1862,47895,12946,4799,7705,1512,2897,145053,34057,210007,106591,2637,7964,2690,4792,150423,4499,4343,495640,45759,32348,14905,8236,4646,60160,4360,1981,11729,23325,19638,49847,28936,1900,4979,4078,31760,6701,25908,1684,2856,9738,70017,19018,28003,3585,3078,2356,22977,13445,1818327,19751,18366,1059,619,14870,3115,10473,6111
,!,S4A9,251118_005.D,Sample,,11/18/2025 6:28 PM,,205,85,14241,13624,23740,3821,7915,1204,5163,934490,2350,4144,14171,3893,13624,5767,983,384,1441,42554,12096,3873,11805,2543,1523,61405,25344,256814,111341,4193,9314,826,6985,270970,11657,4172,551768,36444,30304,15475,5002,4717,133409,5261,1725,17807,15026,15919,44303,29985,4112,4627,7536,27935,5280,23713,1451,5031,10929,98276,16827,20877,1596,3155,2446,20954,10484,1382549,19766,38208,3077,609,15340,5942,12687,5864
,!,S4A24,251118_006.D,Sample,,11/18/2025 6:57 PM,572,632,118,23738,10567,250276,3931,14030,1350,1580,980587,858,1883,19363,4799,21432,7135,1376,490,1807,63401,13972,2743,10587,882,2983,117759,26814,244384,146157,4737,8959,2586,4859,118885,5594,2853,299967,32575,26156,15937,20093,6815,48712,3203,3844,45977,27982,9684,40402,34429,1232,5042,1821,19552,5016,20383,605,2639,9258,95782,15457,21132,2670,3106,2717,21044,11944,1429794,19774,17106,769,399,16805,5847,12449,5621
,!,S4A39,251118_007.D,Sample,,11/18/2025 7:27 PM,,,58,24793,12075,186608,3475,12412,1222,2602,1014824,1781,2967,40862,2766,20421,4622,1032,455,1280,42065,13390,2617,9457,1780,2899,25513,26373,89594,103976,4154,5540,620,5235,227085,6174,2834,266632,37541,30400,6922,2857,5265,36123,3215,27547,19453,12351,9637,37934,12224,1952,2737,3353,16817,3526,25754,319,1828,9934,87359,14970,22170,3206,923,701,20517,4536,1416462,21619,13381,1729,498,15813,1934,11586,5810
,!,S2B2,251118_008.D,Sample,,11/18/2025 7:56 PM,,,105,31510,14329,14048,3009,9815,777,3655,1114740,1664,3342,20184,3437,16764,2053,1257,195,1228,29725,18371,1424,7334,1448,888,39657,23320,34982,72937,1574,3540,2417,3503,109522,3103,2480,111280,29803,21727,9300,3643,3336,37734,5343,577,10000,6430,11011,40114,13906,1582,2637,4999,19838,3749,26949,520,1380,9166,65564,18663,19859,1820,1199,2417,22189,5606,1223421,20079,9270,748,317,13701,1724,12663,5346
,!,S2B15,251118_009.D,Sample,,11/18/2025 8:26 PM,789,630,,142490,11560,189468,4996,11479,1295,10095,1220310,3493,11113,12997,4878,17547,2608,1202,282,4410,66130,75342,368,6290,1426,892,160996,24219,106811,221872,2305,5305,1828,1054,148295,160,2973,10080,29360,27042,6921,11765,2261,115010,3374,625,3344,38874,9185,37787,113615,2055,16073,7341,26250,3115,19185,403,375,7944,44825,12594,21259,2000,1078,1936,21405,4732,1399200,24207,16752,3733,351,15399,4987,10861,6167
,!,S4A3,251118_010.D,Sample,,11/18/2025 8:55 PM,,689,96,85019,12051,157907,7043,11009,933,4275,880089,3766,3886,60964,4810,16787,4029,1008,461,1296,55429,28777,3439,9840,1546,2904,73865,23413,58708,106141,1229,7145,1309,10496,120056,13373,3298,501102,34981,27231,10140,5285,3697,59949,2987,2142,11872,13714,8504,42809,16128,2471,3164,7543,17556,5353,21053,1422,3889,8084,71264,11347,19778,1759,3331,5793,23337,14354,1365170,18719,24540,507,211,14055,3486,11636,5140
,!,S2B11,251118_011.D,Sample,,11/18/2025 9:24 PM,,102,48,12889,14066,13459,1602,10546,379,1275,1190436,378,1314,11148,2389,19754,8545,1028,733,1806,46510,15412,448,5418,763,1085,64026,23389,143011,100364,1542,3940,3361,1054,90161,1094,2183,18331,27503,25825,6835,2186,3434,25303,3350,493,26468,4915,8661,38692,10652,624,2058,1086,19714,3991,23161,293,525,9173,44138,13333,20964,2193,868,1473,19523,4887,1318602,16962,10680,629,444,12889,4786,11652,5380
,!,S4A4,251118_012.D,Sample,,11/18/2025 9:54 PM,690,209,89,112029,8709,261098,6354,13679,529,8271,942282,3816,5675,46157,4436,16176,5553,2771,325,1654,40580,40238,3365,7721,1078,2252,116046,23402,65002,105076,1232,8552,1575,8995,106834,6808,2805,318897,30115,24850,7499,3742,2468,63023,3127,2247,9062,20267,10683,40382,22950,2367,3905,7309,17267,4749,25287,806,4439,11294,86031,16660,20421,,2046,2180,20659,17133,1690902,24619,12964,515,399,15074,2946,12004,5942
,!,S2B19,251118_013.D,Sample,,11/18/2025 10:23 PM,,659,178,105582,11441,315485,10372,12653,1414,10998,1000374,8133,17098,164948,4720,18402,3913,1241,470,2585,114917,54018,4469,16614,3519,4327,76840,25918,104446,259533,1814,6216,1553,23416,304320,4286,4473,568117,30292,30223,12645,14834,4996,75252,7125,955,21617,14907,10628,41768,28324,5687,4316,18999,25901,4746,30014,1609,2220,11010,108997,22346,20217,2225,5069,8765,21872,11375,1392099,21021,13577,2224,518,18463,1936,10105,5694
,!,S2B16,251118_014.D,Sample,,11/18/2025 10:53 PM,527,911,85,150775,11537,194539,5204,10990,1484,15181,1230853,4556,17873,122731,8668,20187,3815,2156,341,4075,109003,85973,323,7550,1128,1449,157471,21733,118897,206961,1749,4988,3772,848,130929,507,2877,8047,26651,24656,8355,7505,1509,103160,4656,599,3515,27138,8235,36807,67206,2329,10143,8411,17074,3375,27884,378,315,9420,51985,19777,22797,1107,1505,2818,18386,7602,1767696,25301,17486,803,489,15074,6529,12779,5617
,!,S2B28,251118_015.D,Sample,,11/18/2025 11:22 PM,458,726,50,139272,11729,19412,5626,6784,704,10233,844288,4291,10156,21785,2509,11492,3308,896,244,5099,180870,65819,2524,6966,2479,2822,234566,21917,177707,197248,2490,4622,3132,4569,286166,663,3032,149000,26468,28804,7800,15000,3078,504868,6954,466,8463,24011,50411,2627,500251,5978,47151,11555,11226,3085,26212,721,1115,8910,35374,18060,18031,2535,4695,3953,21181,7079,1795693,20480,29811,1488,275,15931,104336,11685,5582
,!,S4A33,251118_016.D,Sample,,11/18/2025 11:52 PM,244,812,53,91662,11969,12340,5098,8772,449,9471,834236,4437,8035,8525,3762,12510,4543,1568,324,1735,73820,36094,1130,9240,2411,2445,122363,23297,52353,156066,2749,4692,4918,3501,250339,3800,2267,80044,28212,23418,6186,1593,2034,647090,3148,1422,5584,22438,8046,40001,172926,1914,19951,6618,29663,4604,26558,865,3153,9164,67054,20307,21016,,3370,4028,20725,12343,1405377,17528,29667,4729,488,18032,85776,12185,5471
,!,S2B26,251118_017.D,Sample,,11/19/2025 12:21 AM,,85,,65026,10452,132706,6306,9194,1598,2710,1099714,1776,4042,55606,3414,16034,6084,1347,415,1775,110256,50338,5691,23737,2718,4958,119226,20983,187513,374460,5270,7935,1537,24460,530650,27047,6677,713543,30257,32019,16949,40878,22134,296504,7981,1502,90616,12737,23764,38557,62177,3461,9191,9108,22187,7336,22559,1661,1263,11241,119089,16113,25775,,4166,4267,19415,14072,1425449,20897,54788,6926,761,17504,3997,10770,5467
,!,S2B8,251118_018.D,Sample,,11/19/2025 12:51 AM,,483,82,54209,11177,14354,5123,8000,418,4180,1102242,2958,5435,30704,2776,12077,3724,1313,377,1574,67013,34940,3433,15603,2337,2767,99875,20689,193966,304350,3913,7576,1022,18065,349001,3135,4724,396643,24948,26818,19980,12327,11178,107213,5920,871,56454,18429,17051,37428,62205,3231,9707,7723,22599,7255,18589,994,1155,9496,125004,12095,19454,2750,1112,1512,20912,8493,1779831,18356,18279,2259,309,15437,3456,10254,5457
,!,S2B7,251118_019.D,Sample,,11/19/2025 1:20 AM,502,724,60,87227,8712,320071,8001,11966,766,3012,1093628,2851,3610,59808,3238,13686,5235,1080,439,2168,97877,47611,3267,18014,1568,4296,121241,21888,93602,291329,1501,6743,1902,17171,251516,12933,5284,386181,28785,29278,13348,14646,13643,122338,5500,956,60327,13003,13260,37866,53340,2984,6874,6822,20906,6208,21660,1043,1528,8498,100827,15056,18192,1489,1137,2523,19957,7671,1757415,19106,9317,1231,470,12161,3256,11847,5682
,!,S4A12,251118_020.D,Sample,,11/19/2025 1:49 AM,538,491,,65315,7028,209903,3237,9989,644,5206,832973,2657,5504,16869,2490,15208,6356,1061,416,4438,38804,26081,3625,11955,1707,3335,94269,20346,77695,143721,55523,7057,646,13956,198519,1169,3445,416812,34454,23995,9983,6727,6440,201088,3574,2706,32183,60462,8876,34616,55917,3782,7720,7089,18150,7082,17097,938,740,10783,85347,13278,17741,,1757,979,19663,12901,1300318,18749,22120,3484,664,13899,4917,11366,5479
,!,S2B10,251118_021.D,Sample,,11/19/2025 2:19 AM,654,698,126,13842,10889,17101,1439,6874,630,1224,1109656,492,901,8891,1819,14336,2727,807,338,1422,25771,22435,292,2657,593,685,53366,18263,73179,76011,1372,2638,3201,1374,39711,599,1801,7990,28972,22362,7594,1289,2674,28424,3988,702,5381,5573,10719,31131,11814,858,1579,3018,18834,3020,16776,449,386,9246,36122,9786,19836,1723,1326,2237,17406,5365,1426275,15536,9784,781,245,13162,1265,10631,4349
,!,S2B27,251118_022.D,Sample,,11/19/2025 2:48 AM,417,869,108,56110,5644,325974,6039,10431,1136,3594,1085385,2552,5825,71907,3693,17406,5198,1159,351,1249,77825,38884,4181,16221,3960,3239,32058,21009,158641,346072,2059,5036,1132,28678,364967,4722,6451,566096,31691,25931,15252,15433,7291,96269,8111,1050,56146,17720,19637,34488,27673,4662,4707,6938,27454,4872,13974,1146,1329,9835,104130,7977,19262,2299,3138,4247,18543,7460,1389575,18642,26649,4444,539,12579,2235,9416,4822
,!,S4A10,251118_023.D,Sample,,11/19/2025 3:18 AM,,489,86,29309,9795,8728,2825,8069,606,1356,807071,1151,1790,22888,2189,15135,7828,1042,438,1035,45300,19066,3450,11569,2456,2496,177799,23755,183822,140380,1835,8298,3224,12254,100380,10404,2650,362784,30114,24101,10254,13252,10814,91438,3103,1620,47835,14434,9663,38936,52189,1511,7887,3246,18235,4660,20147,1207,1940,8815,93943,12882,22905,2370,2083,2148,20273,12145,1830266,21687,20226,1279,295,12977,10180,11391,4730
,!,S4A16,251118_024.D,Sample,,11/19/2025 3:47 AM,340,131,115,47522,9604,10050,5017,6399,212,7136,766463,3852,10336,37395,4456,12104,3367,1186,220,1497,38864,29282,1885,5847,610,2577,56732,18358,76682,143172,1564,5086,1017,9063,113730,636,2969,123421,24964,21536,7293,4295,1765,113785,1987,1979,5053,7140,7405,33509,22117,2499,3787,7833,18083,3409,14239,1210,1791,7916,67772,11853,18336,2176,2852,1990,19614,11460,1423144,16627,10731,2370,269,11821,3836,9496,5146
,!,S2B13,251118_025.D,Sample,,11/19/2025 4:17 AM,444,20,50,11528,9648,17515,1137,4318,378,904,813116,699,732,3987,1827,7654,2832,673,225,880,17108,12511,404,3567,741,380,37154,14451,60024,140968,1351,3537,867,1625,101209,774,1676,12259,19281,22230,6286,1064,8613,62329,3034,378,21055,4014,7578,32785,11126,820,1702,1490,12813,2441,17731,381,281,8361,48229,11807,14631,1989,1797,1501,14769,3023,1377032,17074,11231,1452,241,10864,1054,7868,4340
,!,S4A29,251118_026.D,Sample,,11/19/2025 4:46 AM,390,805,87,49224,8864,8103,4552,6630,429,11405,827830,5731,8948,26434,4660,12966,4524,1193,310,2264,107056,39310,1218,8372,2177,2166,114433,18558,163778,221190,1684,4360,1559,7482,163049,4129,2739,112833,22059,20395,6050,6127,1404,551764,3105,1773,5162,8422,6962,30829,23394,3736,3547,10396,16945,3478,11918,887,2519,8239,61887,7972,18840,1611,2621,1958,20885,14556,1814639,16290,27714,527,420,13409,53388,10660,3798
,!,S2B1,251118_027.D,Sample,,11/19/2025 5:16 AM,,147,131,3703,9930,111038,2078,9892,408,3167,829406,1121,1281,6358,1368,13296,1708,1125,308,883,14236,7343,192,3527,806,271,13159,20274,96940,75681,898,2268,544,977,27259,125,1403,3114,22619,17919,6727,142,1677,22738,2949,393,4018,1832,7625,30785,4843,967,1415,2088,13050,2239,20694,290,127,5995,19524,13153,16558,2598,1736,1926,16715,2045,734040,12555,6875,608,325,10463,773,8138,4424
,!,S4A26,251118_028.D,Sample,,11/19/2025 5:45 AM,,,102,10593,9732,13504,2896,8346,,1535,811538,1092,1498,10538,2334,13225,5273,956,191,1210,33608,15506,1326,10142,1061,935,46645,17967,76076,221579,1881,4044,460,8093,156595,3185,2584,96180,28125,21996,7872,4439,10795,37038,2939,1310,45062,9652,8234,30303,15874,1197,3000,2972,16887,3179,16404,708,1675,8308,90746,11206,19146,2475,1227,1165,17647,7116,1512389,14972,18597,1216,535,12536,2842,9761,4519
,!,S2B30,251118_029.D,Sample,,11/19/2025 6:15 AM,,782,94,106136,10454,154314,3445,7137,1026,12916,979094,6260,11922,62259,3444,12365,4541,789,223,4089,203894,90902,1222,7571,2408,2109,266781,19954,65328,189537,1737,4028,4902,6129,136923,3366,3300,58273,21793,21118,7702,6453,1819,641350,4763,666,5502,20697,9860,29007,181670,5660,19849,14035,17089,2980,20058,739,941,7603,37176,12449,15850,3429,2717,2458,14960,11400,1777408,18017,14843,918,419,15112,109531,8983,4201
,!,S2B23,251118_030.D,Sample,,11/19/2025 6:44 AM,,761,,24377,8829,202125,1267,9022,359,649,977024,609,1079,14766,1795,12751,4694,1458,371,1410,24482,33624,257,3581,706,794,82227,19583,93714,94298,2432,3585,3903,1282,27987,660,1994,5779,25700,21783,6016,961,2193,33099,3295,469,5844,7521,9033,28152,15469,907,2425,1219,14360,3396,21670,299,224,6868,33346,16816,15447,2114,1127,1109,16003,6733,1441788,14133,9553,726,222,11737,1544,9838,4522
,!,S4A1,251118_031.D,Sample,,11/19/2025 7:13 AM,,833,,5634,8073,103498,1595,8837,196,1748,689493,677,2013,5866,2047,10996,2929,839,369,631,12780,6231,661,3811,1131,548,19286,15141,81185,63045,1142,4352,371,4236,41960,304,1396,35178,23330,16762,4576,556,1691,33903,1721,701,8834,4822,5579,30830,8710,1514,2023,2464,10281,2004,18131,385,1520,6357,37766,11441,17463,3080,749,709,17862,4774,1101623,12767,12270,820,222,10111,885,8641,4269
,!,S4A13,251118_032.D,Sample,,11/19/2025 7:43 AM,,106,,44849,9511,19003,3943,6800,383,2179,852563,2133,2177,29043,3486,11292,6322,1433,313,1325,42154,43923,1810,9356,1707,2770,125626,20576,47311,227056,1613,7655,766,13577,158245,627,3245,178206,25451,18759,10044,5419,13532,158694,2906,2165,57802,14729,7169,29315,21117,2900,3859,6192,20251,4421,14022,1595,2346,9393,99123,11685,15549,2526,2708,2099,15654,15315,1789652,16437,18333,918,382,12106,1514,8522,4058
,!,S4A11,251118_033.D,Sample,,11/19/2025 8:12 AM,356,761,130,28664,10401,152384,3065,8735,231,2029,759510,1008,2114,25118,2909,11950,8397,1438,334,965,29981,29877,1717,7743,1439,1599,83797,20702,77259,237748,1400,7889,866,8695,177659,1007,2280,111399,22771,17873,8033,3347,11097,225790,2520,1311,44343,8961,6604,28513,18880,1375,3184,3326,16320,3803,13414,782,1942,7860,73446,9646,14394,2063,1418,1240,14625,8882,1396256,16581,18041,1983,275,10084,2424,8021,3708
,!,S4A20,251118_034.D,Sample,,11/19/2025 8:42 AM,548,387,125,31850,8530,19565,4046,5496,,5102,800953,4291,8137,24016,3504,10450,3778,1195,258,1177,31480,36230,1953,5824,1671,1360,94784,17357,72440,222593,1037,6349,245,11378,146744,563,2185,123348,24219,22189,10208,3211,3634,104299,2281,2275,12075,15344,6961,30062,10615,2098,1628,12797,10341,3259,10594,822,1751,8383,86969,5934,15956,2626,1807,1387,16707,12142,1718430,14999,17316,793,314,10732,2050,9365,3393
,!,S4A5,251118_035.D,Sample,,11/19/2025 9:11 AM,,712,121,41401,7938,20679,3058,5096,201,3106,693377,2314,2571,13978,2135,11358,3620,691,205,1075,31033,46284,997,4699,622,1491,71740,18395,28237,90251,1050,4083,608,7602,35736,3246,1795,62987,23973,19468,4727,1235,1561,53726,1743,1479,5158,14521,4944,28567,16632,2061,3096,4344,10361,2485,16124,767,1414,7818,51259,11249,17766,2082,1557,1038,14557,7710,1210206,14034,8523,434,354,9614,1300,8204,3355
,!,S4A23,251118_036.D,Sample,,11/19/2025 9:41 AM,493,693,140,13055,9096,10528,1787,6168,,759,763273,682,933,14020,1851,10400,3588,1379,520,1115,38352,19458,918,5113,802,1471,99845,18227,107713,111993,1342,5979,1963,4405,36281,2024,1836,31874,21701,18452,6061,4523,3679,125577,2205,1281,16093,10355,7221,25518,17576,857,2757,2093,14964,3893,14380,563,1946,6960,64436,10247,14930,1958,972,989,15024,9106,1385034,15478,14620,880,375,11347,2475,7270,3296
,!,S2B14,251118_037.D,Sample,,11/19/2025 10:10 AM,628,,,3950,7447,11681,1132,6872,194,1319,806690,944,1200,4514,1765,10181,3280,476,347,850,15478,9827,293,3491,823,506,31687,16837,88002,116372,1992,3178,644,1427,38502,631,1066,5943,19619,15893,4952,251,2364,61800,2705,334,7443,2289,6600,26019,6894,710,1131,2317,11967,2223,12927,420,189,6694,36427,9583,12917,2011,780,816,14612,1779,950584,14623,10160,1396,559,10549,884,7635,3131
,!,S2B5,251118_038.D,Sample,,11/19/2025 10:39 AM,,496,132,90907,7384,98002,2889,7971,679,5165,1097794,2171,3658,16506,2342,10987,2824,794,276,2353,43850,132875,191,4219,813,755,141224,18184,46948,127949,1005,3001,2748,1300,24825,403,2046,4733,19868,16086,6026,1039,1872,47338,2593,418,3540,46507,5858,25418,119750,1372,13618,3916,11178,2119,19712,411,203,6687,38593,10333,15974,,1419,1619,14857,3956,1388289,16419,10274,2685,345,10175,1712,8243,4012
,!,S4A17,251118_039.D,Sample,,11/19/2025 11:09 AM,,590,83,20421,7804,19465,2515,5674,108,2512,363868,2155,1278,18216,2094,10068,4045,680,327,1237,18420,23973,522,3990,1112,1161,61111,17173,56472,105892,603,3217,577,2527,53562,1286,1342,15517,18677,15781,4353,1495,5322,90142,2295,1159,39638,7125,3940,27642,14081,812,2773,6105,7389,2139,15562,395,1753,6448,52849,12237,15447,,1197,1438,12994,5968,1347823,12540,15066,770,264,10854,2831,8561,2971
,!,S4A7,251118_040.D,Sample,,11/19/2025 11:38 AM,497,,,23280,3894,195179,2095,7481,403,1721,754746,884,1134,23315,1849,10514,4887,1035,208,1546,33698,26374,811,4960,707,1301,89189,17620,75625,104920,865,5075,1865,4102,26485,1389,1769,21145,20722,17930,5127,1534,4432,47359,2589,1058,13230,17055,7080,26920,21739,1014,3380,2153,14002,2961,14756,380,2046,7142,59929,11638,14577,2204,885,1086,17793,9851,1805769,13014,14282,752,417,10027,1457,7414,3669
,!,S2B20,251118_041.D,Sample,,11/19/2025 12:08 PM,,535,67,46881,8340,13977,5148,4725,659,4964,895160,4359,5461,69032,2543,9025,2491,1101,194,1301,73852,74347,2286,8303,2319,2936,74838,16849,78797,241989,1324,4292,1246,19552,116272,8144,3616,156145,20726,22244,10112,5469,3195,54655,3905,610,13048,19071,9683,25082,26166,3186,4454,13779,17036,3840,13393,595,1113,7511,88137,8810,14113,2045,3588,4371,16176,8296,1480892,15192,7012,1079,291,8440,1573,6855,3544
,!,S4A30,251118_042.D,Sample,,11/19/2025 12:37 PM,,609,75,57165,6531,125122,5098,8019,243,9295,809267,5865,7783,20791,4091,12201,5593,1202,444,1708,72823,63055,802,8153,2025,1421,97262,12966,58039,176348,1442,3428,2371,5529,84882,2228,2702,37356,24144,16942,5724,2122,1553,486943,2938,1458,3871,16911,6829,23337,43138,2013,7336,6198,16450,2933,12988,525,2400,6391,60079,9499,12756,,1527,996,15825,10222,1804990,12230,26793,5615,225,9162,45495,7286,3140
,!,S2B3,251118_043.D,Sample,,11/19/2025 1:07 PM,336,619,,19638,8064,9465,795,5643,273,1504,664467,1050,733,10742,891,9781,1198,712,291,1101,8289,31032,174,2152,418,367,35070,15143,16738,36931,948,1797,961,550,10499,139,761,1247,15937,13993,2362,381,1093,12534,1780,274,2768,9428,3577,27158,16389,564,3110,1441,2837,966,14585,110,183,5554,10264,8827,12675,1472,663,665,12833,1930,1828385,11191,3399,362,213,9841,493,5498,3076
,!,S2B35,251118_044.D,Sample,,11/19/2025 1:36 PM,314,124,58,4426,7526,64491,381,5329,290,175,686972,235,423,5072,826,10710,1587,759,265,1079,2543,5687,74,307,140,86,27173,15335,8893,9299,258,1574,1441,166,2192,87,352,442,15377,13506,1725,246,1886,12012,2072,458,11633,5607,560209,34457,1402124,16805,720187,55966,721850,2189,12011,126,547,5695,28309,9931,15070,2320,400,130,14032,2392,968359,10955,2177,292,263,9908,2086,7974,3204
,!,S2B31,251118_045.D,Sample,,11/19/2025 2:05 PM,626,,91,64818,6951,19446,3597,5119,1048,8359,766055,3904,5962,47880,2818,8861,3745,1070,473,1729,133945,80185,1542,9393,2066,2141,179969,14075,39254,185993,2571,3890,4513,9328,98424,4752,3437,67869,20468,18698,8815,3588,2051,687833,5233,438,6430,23258,11222,24020,238918,3951,25248,11446,20092,4522,14258,493,1525,6427,43038,9336,12693,1741,2095,1072,14265,10680,1529213,14600,10719,1552,609,9225,116642,6970,2961
,!,S4A8,251118_046.D,Sample,,11/19/2025 2:35 PM,,119,,12878,6778,12022,2749,5878,434,832,802245,962,946,18170,1725,9942,8321,1287,240,1241,36240,14398,1778,7520,876,2014,142096,14539,154929,160091,1252,5704,2643,10746,38724,779,2270,81751,20311,18321,6993,7465,6984,103000,2470,1296,31204,11796,6707,26902,40049,1063,6313,1527,14003,3601,14445,932,1830,6563,51389,9394,13357,1817,2103,1526,15302,12179,1629507,12584,16446,761,232,9349,6146,7066,2895
,!,S4A27,251118_047.D,Sample,,11/19/2025 3:04 PM,656,629,,5224,6433,131726,2953,8243,289,2053,821631,1181,1677,4649,1350,9214,4050,2587,308,802,26647,11801,1278,5958,1294,760,17046,14082,79824,156136,2672,4525,334,9676,59793,3012,2005,49361,19778,16419,6572,1139,3406,32599,1829,833,9336,4534,5847,23793,8737,2635,1502,3957,15365,2512,12439,614,1103,5940,41830,7729,13108,1997,1412,1247,11900,3247,965887,11191,10571,689,404,7823,2019,5662,2567
,!,S2B12,251118_048.D,Sample,,11/19/2025 3:34 PM,408,521,,9652,7449,17632,740,2601,221,201,845717,506,482,5073,1244,7195,2915,773,127,1191,17314,20281,287,3574,635,839,68208,11698,81074,103522,1692,3417,1921,2751,22626,926,1478,7798,16892,14217,7881,1172,4367,22139,2403,409,22225,3774,6148,20359,11428,455,2243,1084,10194,2469,9295,481,81,6039,34533,7171,11802,1769,1435,1044,11344,3544,1427437,12416,7501,666,313,8871,3928,6826,3212
,!,S4A18,251118_049.D,Sample,,11/19/2025 4:03 PM,320,572,,20191,6894,18535,3604,4751,233,3329,738482,3902,8445,32480,3272,10097,4332,1212,483,1334,24992,31371,879,5414,1994,1830,89541,13971,60300,198287,1171,3904,472,6531,66774,2192,2223,33513,16858,14951,6971,1427,5722,95628,2169,1989,25728,8280,6001,22485,11734,1540,1970,13045,10992,3353,13740,633,1746,7427,86059,8545,11828,1174,1985,2048,13150,8738,1479933,12845,15388,713,288,9281,2142,6708,2878
,!,S4A25,251118_050.D,Sample,,11/19/2025 4:33 PM,,710,74,7558,6176,18265,2365,4901,520,742,805892,420,668,9504,1869,9425,4187,1702,270,1157,38457,19107,1137,7717,779,1598,67596,14772,137289,143928,1789,4970,1549,8891,29422,359,1927,35011,15708,15760,8558,3217,6156,22916,2483,1218,33997,5553,6770,23597,11482,940,2246,1673,13546,3101,12514,535,916,6523,48661,9526,14136,2104,1151,795,10779,6946,1489673,11020,10912,599,511,7844,3420,6337,2615
,!,S4A28,251118_051.D,Sample,,11/19/2025 5:02 PM,224,63,93,46942,5955,6367,3174,4946,176,6278,765930,2138,4682,7248,3465,9343,3456,1057,344,1088,33113,51778,1221,6241,1407,1651,58143,16169,40999,150990,2079,3294,730,6526,68083,1919,2006,37820,17163,15016,3952,839,842,311330,1911,1059,3288,4433,5189,21064,17753,1598,2820,5662,12828,2293,13000,499,1700,6686,33790,8218,13526,1102,1527,1086,12036,6758,943624,10804,7533,328,379,8330,32656,5684,2944
,!,S4A6,251118_052.D,Sample,,11/19/2025 5:32 PM,325,672,42,16788,5885,102306,1972,6760,,2475,365081,1046,1633,6263,1069,11460,5028,1038,375,3070,11199,25886,977,4431,681,959,41689,13419,29411,70318,31665,4074,313,6724,34279,402,956,34948,16890,16728,5583,854,3468,46508,2190,1395,14775,39415,4420,21086,24015,1723,3152,2860,10633,2640,13591,669,683,5436,37641,8591,12336,1680,567,238,11632,6557,1343984,9210,13058,1983,341,8971,1965,8388,3138
,!,S4A38,251118_053.D,Sample,,11/19/2025 6:01 PM,486,555,44,22972,3074,169062,2408,7774,883,1806,992575,892,1580,24905,3425,10904,5862,1923,222,1149,32897,29311,1547,10552,1079,2193,50848,14860,77841,212857,4276,4143,629,15394,89216,842,2401,80782,17197,16199,7255,2188,7429,59355,2283,1130,34350,11212,9584,21625,18335,1228,2558,3216,19288,3727,10168,294,865,6577,65856,7878,11922,1982,1071,947,12333,5669,1721048,11724,18737,2950,211,9419,1686,6556,3106
,!,S2B33,251118_054.D,Sample,,11/19/2025 6:31 PM,,390,,77471,6589,155802,3282,5679,890,9954,863354,5629,7960,15958,3703,9393,3962,1736,249,1884,156528,120890,1138,9357,2017,1861,164496,14619,42873,248160,5175,4011,4340,9248,108571,3302,3809,53384,16656,17434,8138,1791,1472,721144,5194,441,4124,22213,47850,21099,383394,3206,30648,10256,20813,3605,16104,542,1214,6794,45107,11364,11869,2307,2192,1359,10673,8760,1369574,13022,10355,734,324,7954,73826,6609,2943
,!,S2B38,251118_055.D,Sample,,11/19/2025 7:00 PM,,75,92,4180,6463,216399,2020,7597,859,1498,1149356,1179,1507,3325,2207,8398,4873,1575,363,963,36788,14806,1190,8133,1086,974,38661,13479,49206,194977,2393,4026,932,10181,77417,478,3929,54801,17496,19841,10060,888,15073,31689,5278,463,55612,6029,17188,21470,12940,2074,2476,3557,16528,3737,13613,801,1157,6331,93889,8349,10133,2048,3436,1394,10814,3357,1736671,10808,12905,1499,279,8976,1489,7520,2835
,!,S4A19,251118_056.D,Sample,,11/19/2025 7:30 PM,,,,33141,6337,7199,2308,5496,269,4632,724879,2344,6068,15846,2525,10902,3156,1491,357,1208,28286,45632,1170,4649,708,1313,51682,11536,39727,98155,1303,3996,985,10908,31282,4462,1709,60477,15855,15450,4207,1123,1025,75372,1921,1145,3110,8939,4615,19882,9089,1271,1739,4525,8871,1853,9026,581,1175,5375,35839,6203,11064,1266,883,495,11442,7466,1396488,9462,10760,488,138,7672,2095,6842,2234
,!,S2B36,251118_057.D,Sample,,11/19/2025 7:59 PM,,620,80,3419,7912,11808,1296,6287,918,575,1085129,663,546,4918,1799,9813,4617,1719,329,932,34125,17957,886,4390,419,781,34031,12600,32072,99487,1790,2943,2132,10821,21449,2945,3574,33273,14916,16853,7239,783,5406,9255,3585,577,32878,3998,9457,19721,8128,1696,1451,1674,10335,2108,11077,630,639,5877,49106,7846,11308,,2951,1633,10525,3918,1012326,10541,7630,404,259,8803,2574,6032,2367
,!,S4A21,251118_058.D,Sample,,11/19/2025 8:29 PM,476,636,24,22387,5593,119108,4029,6543,516,3976,753066,3668,4813,14203,1725,9237,3584,1747,239,1152,32826,40626,994,5079,1173,1096,90532,15234,49937,168329,622,3798,366,9981,44583,2493,1426,39406,16685,12748,5175,1479,2155,69558,1022,518,6403,13977,3001,21749,11779,1455,1962,6670,6704,2635,9837,1018,826,6148,49747,6673,11462,1813,1525,837,11258,8028,1761013,11202,9557,516,187,7941,1008,5584,2730
,!,S4A31,251118_059.D,Sample,,11/19/2025 8:58 PM,,32,95,32694,6085,6682,5147,6301,410,6207,734427,3036,6505,25653,3085,9244,5068,1890,297,1643,57905,55203,632,5648,1416,2104,166718,11451,48337,162361,1498,3180,2653,5694,56595,1499,1961,26038,16946,15913,5011,1761,2149,387546,2340,831,3461,31166,4673,1261,153275,1538,17691,9695,13809,3018,15332,370,942,5343,51024,9088,10704,992,1419,996,10569,9409,1449433,13038,16455,818,,8674,14718,6301,2393
,!,S2B25,251118_060.D,Sample,,11/19/2025 9:27 PM,341,707,121,12652,6287,107566,971,7021,396,602,813532,313,579,10418,1307,9281,5279,809,248,1228,18879,31047,317,3294,539,530,53780,13281,40983,71378,1148,2197,1734,1382,12632,361,1377,2828,14810,12547,4301,384,2787,21118,1933,305,11784,2701,5787,17311,6840,320,1221,544,5529,1507,7580,55,166,5677,24353,5404,9503,1008,810,576,10248,2055,1180131,8528,8303,425,279,6715,918,5662,2355
,!,S4A14,251118_061.D,Sample,,11/19/2025 9:57 PM,369,312,55,5691,6350,112214,1668,5796,274,2147,669976,927,1701,5464,1377,9335,3146,1124,254,959,10716,6010,1164,4364,759,764,23779,10864,63835,117296,3347,3635,400,9083,42221,2361,1291,42388,14829,14939,4547,855,2275,158917,1031,654,7984,5615,3603,18880,9501,1566,2091,2800,5071,2909,10152,347,227,5315,33860,6616,10041,977,807,643,10862,3619,1295076,8735,10007,1463,414,6752,2041,6179,2514
,!,S4A15,251118_062.D,Sample,,11/19/2025 10:26 PM,,91,75,15577,5828,15333,1987,3836,156,2963,673334,1884,2587,6352,1842,7422,1921,1923,400,1067,15920,27961,724,2590,534,799,32707,8907,48503,111961,826,3065,304,4218,26175,1623,1640,14461,15676,11120,3638,547,1111,74128,1333,1098,3066,6923,2863,18552,19135,1268,2675,3180,6537,1846,9989,425,1190,6528,46132,8005,11199,2117,1739,927,10009,4943,1236432,9856,11510,363,248,6650,3510,4975,2193
,!,S4A36,251118_063.D,Sample,,11/19/2025 10:56 PM,255,449,59,4802,4940,154457,1124,6253,242,470,588407,552,735,5910,946,8992,3623,1933,358,941,21764,15149,669,4158,389,673,41524,12084,71100,73101,1523,3193,2351,5296,15051,1038,1447,16035,13245,12630,5199,886,3401,12664,2016,664,15809,5207,5941,19042,12663,529,2293,977,10899,1830,12650,534,531,4757,28387,7107,10350,1337,1355,631,9833,4244,1227495,9467,6492,850,225,7882,3935,5821,2181
,!,S2B21,251118_064.D,Sample,,11/19/2025 11:25 PM,,325,134,26463,5138,22050,2777,3200,268,3165,831547,2038,3130,37214,806,3023,1002,1154,148,550,34760,31030,1461,4380,852,1584,35759,8967,56041,197703,1211,3194,767,16710,60735,664,2997,120591,15665,12964,7770,4759,3463,61850,3508,1137,9938,13592,7800,20800,30474,3474,5111,10250,10982,2749,11493,983,808,5752,56446,9597,10184,,3691,1676,10419,7508,1444738,11264,8201,1087,297,6647,1859,5592,2276
,!,S2B18,251118_065.D,Sample,,11/19/2025 11:55 PM,,,60,27429,5225,165922,3890,5068,383,3436,844277,2694,5342,40589,2228,8824,2672,1432,269,927,48122,56130,1374,7679,1256,2008,48859,12360,36744,211279,1569,3676,1057,21550,49115,5876,3432,72495,15837,12122,8158,1625,3940,48743,3149,784,17943,9283,7828,19038,18475,1891,4066,8939,8693,2593,11324,714,614,5775,63406,6961,11019,,1560,1221,10131,4896,1382459,12964,7632,1163,317,6577,739,4030,2375
,!,S4A37,251118_066.D,Sample,,11/20/2025 12:24 AM,337,442,66,12189,5286,174223,2328,7526,369,1067,1008508,647,1005,20622,2140,7987,5026,2098,304,1108,33890,27286,1506,8009,1166,2532,75131,11388,132622,142484,1572,3389,1424,16949,21571,4348,2316,64485,14452,13007,8038,3882,5822,22772,2485,1407,37435,7911,6896,19169,18772,1218,2787,1935,18066,2910,9561,413,910,6127,50605,6609,11163,1659,1343,645,10407,7280,1775439,10228,9738,1276,292,6989,1908,4533,2253
,!,S2B24,251118_067.D,Sample,,11/20/2025 12:54 AM,306,444,104,24270,3815,109925,750,6421,313,790,1010346,542,732,13074,2054,8734,6452,1383,219,1175,22501,54423,139,3269,678,693,75311,10344,51991,107184,3708,2947,2550,1817,11748,292,1482,2514,12756,11817,5021,616,3487,29017,1937,355,16796,5349,5635,18535,10859,551,2107,777,7254,1645,21322,169,226,4917,25168,13371,9629,1207,957,476,10515,3182,1790881,9606,6416,1533,211,5828,2982,5250,2498
,!,S2B6,251118_068.D,Sample,,11/20/2025 1:23 AM,,378,79,48570,4538,92836,1924,4776,496,5019,1089653,1856,3072,13275,1918,6672,1610,1270,309,2171,31414,145617,127,2553,578,614,92544,13403,23475,127586,1108,2336,2950,682,12561,81,1179,1226,12916,10659,4768,786,972,53918,2546,387,1856,28998,4278,17435,52306,851,7637,3282,9079,1625,11242,204,245,4789,24834,7895,8207,1152,1770,1184,10678,2989,1391579,12541,8241,401,455,5537,2453,4961,1709
,!,S4A22,251118_069.D,Sample,,11/20/2025 1:53 AM,,602,76,3745,4756,147403,1543,6118,176,845,243066,557,785,4804,1554,8887,2446,1205,272,1033,12028,13043,213,2193,562,475,26002,11710,62744,88400,1200,3163,467,2830,13892,625,956,3231,11614,10753,3546,172,1964,41952,1379,532,7537,3020,3544,15893,7099,602,1311,1479,6922,1842,6956,221,994,5166,36316,5417,8901,1286,1129,531,10350,2682,1144739,7473,10506,1320,203,6313,1128,4162,2089
,!,S2B29,251118_070.D,Sample,,11/20/2025 2:22 AM,417,475,74,26618,2733,154863,3714,5590,381,8562,725179,4348,6982,43952,2254,8455,2453,938,359,1459,87492,57189,653,6348,2139,1622,76945,12191,88389,168597,2749,2896,1331,8296,32072,178,2914,26455,13891,13657,5248,2379,1189,253577,3812,396,3543,4537,6338,17741,61411,4659,9491,8819,10190,1988,8211,489,1174,5029,32467,5667,11829,1170,3654,2716,10213,5930,1725774,8591,7636,549,254,6344,33363,4792,2168
,!,S2B37,251118_071.D,Sample,,11/20/2025 2:52 AM,,371,,3057,4799,179763,1157,4963,491,605,904892,503,566,4543,977,7809,3290,1395,284,1021,41498,19247,1026,5984,763,634,42894,10440,49355,86400,1649,2846,1926,8663,11899,2065,3536,17263,12737,12400,6480,494,4741,9181,3009,331,23128,3122,9641,17203,6114,1234,1064,1479,13632,2117,10668,409,648,5120,51084,6563,10151,1354,2930,1137,9492,3173,1400410,8767,6433,901,218,5653,1368,4486,2183
,!,S4A34,251118_072.D,Sample,,11/20/2025 3:21 AM,,41,55,2734,5673,5774,895,4889,169,790,726590,559,554,2439,1033,6735,2307,1344,278,636,12127,8069,452,2052,461,354,11047,9733,62331,51774,661,2008,236,3866,9023,773,1121,7506,12407,9419,4420,211,1548,12437,1748,569,5930,2611,4269,16602,5193,763,924,1451,9904,1284,8727,295,527,4141,14690,6615,8837,1571,841,410,10117,2369,818234,8324,8413,558,292,5787,1614,4877,2141
,!,S2B22,251118_073.D,Sample,,11/20/2025 3:50 AM,418,544,,1252,5209,4282,557,4991,140,440,370988,353,246,1088,633,6453,852,618,312,588,2776,3150,107,1071,316,105,7018,9353,17086,16987,343,1062,168,433,2421,174,482,740,11058,9849,1960,65,475,6053,556,164,1281,495,1356,14196,1381,190,348,539,2338,733,9418,163,73,3871,7284,5872,7207,1038,451,499,9680,392,254743,6153,2733,254,156,5275,341,4112,1403
,!,S2B32,251118_074.D,Sample,,11/20/2025 4:20 AM,429,150,,37482,5178,15826,2285,3576,404,5505,753145,2670,3275,27590,2100,6942,3630,594,291,987,88553,65930,1050,6822,1770,1718,91314,9647,19975,123518,1377,3076,2762,9566,28988,415,2985,38961,12581,11450,4969,1531,1196,372301,3621,394,4296,13110,9547,16269,54747,4102,8517,9009,9249,2767,9172,338,1254,5593,33849,7165,10444,1274,2434,1138,9426,6299,1748626,8692,7075,699,353,6566,62629,5044,1687
,!,S2B34,251118_075.D,Sample,,11/20/2025 4:49 AM,404,373,,2746,2919,122066,1255,5362,358,1032,1024539,1013,742,12038,1059,8128,3251,919,285,784,18455,10413,628,3525,817,647,8509,10745,43251,86723,1524,1897,540,11557,10261,1672,3333,16593,11831,11792,5469,145,2396,9477,3917,334,12419,3259,8658,16587,7481,1718,1294,2531,8665,1949,10369,761,913,5607,49779,6068,10074,1171,3857,2076,10107,3479,898472,6895,7871,957,301,6042,1002,5430,1898
,!,S2B4,251118_076.D,Sample,,11/20/2025 5:19 AM,,393,110,34983,2803,121998,2079,4669,309,3635,1085722,1496,1486,14276,1788,6995,1951,1039,451,1390,23340,120661,166,2869,556,444,92685,10684,17224,72716,1411,2072,2693,775,6489,138,1226,550,10247,11264,3909,410,1153,21261,2501,406,2206,17686,6711,14863,28973,1413,4153,3606,9829,1587,10343,234,164,3607,20312,5858,8355,1334,1318,640,8948,2660,1730960,9230,7258,586,356,5534,651,4439,1627
,!,S2B39,251118_077.D,Sample,,11/20/2025 5:48 AM,,540,67,1673,4691,7879,1370,4131,677,2384,1013009,1412,1194,8804,861,7974,2439,689,168,379,23535,8085,646,3194,749,461,5914,9280,19129,92794,1554,1720,270,3999,28851,1038,1389,10906,11338,9442,4269,284,1822,13044,1775,266,4998,1715,7151,13906,3532,1274,829,2706,4787,1055,10400,313,313,5240,32330,6466,9295,1469,1513,424,7893,1253,809469,8832,3599,414,94,5418,973,3933,1638
,!,S2B9,251118_078.D,Sample,,11/20/2025 6:18 AM,349,612,,1286,4886,4451,526,4136,186,1272,736492,461,631,873,1074,8980,1098,782,266,767,7600,9334,157,2058,460,215,10721,9591,45522,55156,973,1646,484,708,3560,157,1005,666,11039,9144,3710,77,1173,15370,1425,257,3007,1197,4896,14664,2749,699,667,1404,6162,1390,8085,130,152,3892,16058,5447,9327,1081,1179,738,8521,1117,731419,7312,3888,574,185,6084,467,4080,1585
,!,S4A2,251118_079.D,Sample,,11/20/2025 6:47 AM,409,290,91,5166,5564,13616,1139,3399,131,707,309384,656,880,7824,1230,6876,1892,746,197,475,12651,17590,396,1968,395,407,18922,8579,17758,44221,748,2653,325,3941,6192,1051,961,7078,11781,9695,2775,331,1848,10355,949,767,4816,3894,2338,15105,5507,698,1021,1402,6306,1289,9725,357,847,4538,34847,6668,8914,525,1409,590,9374,2935,1360947,8036,5701,343,259,5563,944,4258,1565
,!,S2B17,251118_080.D,Sample,,11/20/2025 7:17 AM,,445,95,15940,4251,7170,2015,4538,459,1268,834061,1252,2496,14262,934,6127,1916,747,267,714,24123,38166,1038,5295,892,1013,34808,9993,75619,142303,776,3278,496,15015,26199,2671,2089,32181,11848,11350,6026,725,3237,57420,2881,353,16536,4116,6350,13284,20629,1270,4565,3685,7468,2204,8754,233,513,4308,37899,5134,8059,,900,666,7520,3136,1306598,7907,4934,1377,86,5965,1156,3516,1557
,!,S4A32,251118_081.D,Sample,,11/20/2025 7:46 AM,,376,125,30800,5452,15715,1381,3297,136,3304,672969,1674,2977,4293,3618,5237,4520,784,241,954,31792,53962,542,3271,1109,1126,100641,8423,20110,104354,1703,2224,1534,4983,18172,1510,1133,11579,12374,9187,3587,669,1533,518269,1924,979,2744,35139,4333,1660,200549,1234,16921,5953,13922,2043,9505,346,1639,4695,29605,7729,9082,2029,1556,725,9606,7418,1756392,9153,22087,620,220,5833,48933,4680,2031
