Sample,[6287] L-valine 2 [9.151] Results,[700] ethanolamine [9.879] Results,[1004] phosphoric acid [9.966] Results,[791] DL-isoleucine 2 [10.225] Results,[145742] L-proline 2 [10.321] Results,[750] glycine [10.456] Results,[5951] L-serine 2 [11.174] Results,[6288] L-threonine 2 [11.464] Results,"[649] 5,6-dihydrouracil 2 [12.773] Results",[33032] L-glutamic acid 3 (dehydrated) [13.232] Results,[119] gamma-aminobutyric acid (GABA) [13.326] Results,[236] L-asparagine 1 [14.496] Results,[33032] L-glutamic acid 2 [14.398] Results,[236] L-asparagine 2 [14.984] Results,[827] ribitol [15.66] Results,[444212] trans-aconitic acid [15.842] Results,[738] L-glutamine 3 [16.092] Results,[328] DL-4-hydroxymandelic acid [16.126] Results,[8742] shikimic acid [16.433] Results,[6508] quinic acid [17.076] Results,[5984] fructose 1 [17.18] Results,[204] allantoin 1 [17.293] Results,[5984] fructose 2 [17.288] Results,[24749] D-glucose 1 [17.426] Results,[24749] D-glucose 2 [17.625] Results,[6057] tyrosine 2 [17.871] Results,[6251] D-mannitol [17.81] Results,[985] palmitic acid [18.846] Results,[899] N-acetyl-D-mannosamine 2 [19.339] Results,[892] myo-inositol [19.354] Results,[5281] stearic acid [20.675] Results,[6305] L-tryptophan 2 [20.466] Results,[5988] Sucrose [23.988] Results,[11333] lactulose 3 [24.431] Results,[7427] D-(+) trehalose [24.752] Results,[439451] galactinol 2 [26.479] Results
BLK+,64,96,116,80,106,165,129,121,104,127,69,96,114,115,664,106,118,109,148,71,294,187,500,376,199,220,110,213,67,75,239,66,1767,176,249,121
BLK-,35,38,59,30,49,,153,,85,70,53,50,,60,224,,68,,155,100,155,127,225,75,63,,72,140,100,43,158,54,,177,,162
AC,,1058,49,180,65,295,142,153,59,67,339,69,128,,10763,458,,91,240,76,10359,,6069,20042,3580,329,3705,140,1545,5010,263,60,16939,198,430,2117
MM,63474,17862,29376,17986,89047,18195,18339,7078,305,122211,24866,10903,2736,6134,12555,11324,333,7828,6979,16007,656203,2462,489187,605262,96972,967,97247,566,8168,31356,210,643,688434,320966,9094,4808
A2R,145994,31170,140627,45692,164746,35564,70346,18998,3326,234801,30215,36868,15113,133012,10845,29422,5306,11277,9096,16969,677922,8910,539824,597366,98130,1049,98481,1612,9122,37963,241,1190,689087,549055,208009,8931
D2R,62375,15833,27930,17851,151314,20702,28691,10978,980,128140,37990,14348,7194,46008,15163,15246,1425,12836,9046,25694,827094,6271,754777,811634,236293,1196,236479,841,2301,29868,242,966,690272,516413,192433,7251
A4R,40612,17575,15629,8111,51722,14317,18924,5818,1214,86215,28504,16029,3631,19038,14976,9497,670,9921,7153,18188,634907,3103,469118,632640,116629,7411,22706,514,1589,26681,162,414,688815,364619,147342,7761
D1R,92270,19967,22363,33102,111107,22153,26721,10892,951,207230,37398,14893,3578,22637,13870,10685,1186,10961,8172,19233,653386,4891,502314,558792,92590,5579,92640,1115,9043,40987,132,2170,689174,437966,13474,3827
C4R,23731,13629,9106,5249,22356,9813,4586,2688,728,53069,16044,6490,1835,7410,10915,5258,,3143,3733,10603,426575,1646,276008,360790,52652,3448,52729,385,5585,22040,220,178,689278,258269,10625,5423
B3R,44387,12645,31645,8694,59432,17671,13944,5134,526,132779,25212,8325,3215,11672,11279,11855,569,6115,6162,14456,750815,3640,670264,735712,165084,8134,165127,962,1965,17064,227,433,688562,304646,119201,4639
C2R,37107,12110,5497,11951,49805,6143,9300,3509,664,37826,11634,6027,1397,2850,11064,3041,,3674,4645,9938,240735,877,162104,192114,31081,2449,31061,334,5649,26444,317,218,682013,154594,11918,3035
D3R,10630,5106,,4109,5361,3068,339,609,153,2830,3102,422,58,108,12127,848,133,1315,1814,5558,199648,484,131927,174479,28539,2285,9123,,3014,11264,278,57,575438,77176,17019,1402
C3R,42538,22533,149475,9676,45649,16974,18830,5449,1701,125413,23015,21568,9936,57293,12333,6227,800,13565,6603,19413,664896,4188,500837,593903,98698,1110,99062,970,10367,49015,789,1123,689704,564212,12318,9919
B2R,41694,15406,7044,12851,32611,7381,4970,3631,694,21162,15615,5928,1344,2953,12116,2061,177,5901,4611,9284,340543,1038,224147,276896,43005,3441,4829,261,6212,20633,199,104,685613,261309,15254,2125
B4R,71581,19903,12063,26821,74908,16311,16702,8043,751,107681,24322,11623,4228,10828,11252,7497,602,7305,5666,12871,643159,3111,463915,571244,98776,5381,98664,638,7722,33922,241,1170,688041,405745,13476,4722
A3R,32669,16381,9849,9394,24392,14758,15639,4283,1657,90439,16688,22542,3645,12949,15119,7495,607,5959,4584,10972,545672,3403,382579,479233,69176,541,69220,500,1163,40336,240,517,688105,361991,141132,9382
A1R,33200,20672,13153,5159,21781,14810,17693,3978,1498,114111,15918,19684,4345,14310,13815,4241,331,5642,7112,18925,384802,3334,282442,354550,59686,3895,59743,384,1493,29261,258,566,689226,448926,9572,7417
B1R,71070,18414,16798,22737,92578,18865,15068,8588,794,96892,35574,10140,2527,4916,16281,8440,258,14223,7084,17205,740583,2794,628692,710963,139919,9234,139912,1023,8953,39025,207,197,688145,334106,136471,5243
C5R,104206,29989,31216,29804,158897,21097,37558,10267,1426,358552,38596,20865,9889,43925,16845,14317,3741,17466,9390,24118,735884,5844,636171,686695,127069,1729,6642,1454,1722,72399,,2130,688824,374476,148635,6161
D4R,86695,20022,24047,25904,185059,30977,28556,10043,705,161658,33636,14834,7068,32374,13604,7261,895,9939,9818,31921,770469,5356,703430,734606,169233,650,169262,1192,2181,63647,288,1350,687841,589601,11827,6588
C1R,67986,14810,22873,16178,151322,21263,24480,7482,787,278425,34323,15914,7253,19855,15087,7821,1253,9755,10855,28822,823431,5158,749271,764288,222734,10949,222732,845,3309,35733,231,715,688857,547790,14799,6520